sourceCode,sourceName,sourceFrequency,sourceAutoAssignedConceptIds,matchScore,mappingStatus,conceptId
158346,LAROPIPRANT,5,,1,APPROVED,36878706
30711,SMECTITE,94,,1,APPROVED,36878752
322367,CETOMACROGOL 1000,33,,1,APPROVED,42900336
18491,CASCARA,33,,1,APPROVED,900017
103614,INDOLE-3-CARBINOL,16,,1,APPROVED,40798895
217795,NIPRADILOL,5,,1,APPROVED,43009061
114691,AFLOQUALONE,16,,1,APPROVED,43009034
95398,IBUDILAST,33,,1,UNCHECKED,43009091
141239,MAGNESIUM ALGINATE,16,,1,UNCHECKED,36879028
148330,IPRAGLIFLOZIN,33,,1,UNCHECKED,43009020
240822,OTERACIL,33,,1,UNCHECKED,36878777
349936,ALMAGATE,85,,1,APPROVED,43008989
110622,PHENPROBAMATE,8,,1,UNCHECKED,40799042
236722,TETANUS IMMUNOGLOBULIN,8,,1,UNCHECKED,35604680
170869,ENOXOLONE,7,,1,UNCHECKED,42899194
30448,FLOMOXEF SODIUM,83,,1,APPROVED,43009087
215876,PROTEASE,32,,1,UNCHECKED,36879095
70982,METHYL AMINOLEVULINATE,5,,1,UNCHECKED,19025194
96416,TIPEPIDINE HIBENZATE,81,,1,APPROVED,35197845
251970,NARTOGRASTIM,32,,1,UNCHECKED,35198005
172388,MEBHYDROLIN,7,,1,UNCHECKED,19008999
159224,CEFTEZOLE SODIUM,6,,1,UNCHECKED,43008994
287014,PICLOXYDINE,5,,1,UNCHECKED,36879081
230207,PELUBIPROFEN,5,,1,UNCHECKED,43009024
65461,ADEMETIONINE,78,,1,APPROVED,1363981
166006,GIMERACIL,77,,1,APPROVED,36878778
312106,PIXANTRONE,76,,1,APPROVED,36879010
175446,L-PHENYLALANINE,5,,1,UNCHECKED,19035577
6754,INTERFERON GAMMA,76,,1,APPROVED,19122123
231288,FUCOIDAN,15,,1,UNCHECKED,40798836
108920,BIODIASTASE,15,,1,UNCHECKED,35198114
34945,DELAPRIL HYDROCHLORIDE,6,,1,UNCHECKED,36878917
249630,PRANOPROFEN,75,,1,UNCHECKED,36256128
129466,GOREISAN,74,,1,UNCHECKED,35198150
51056,BIXALOMER,8,,1,UNCHECKED,35198209
233440,ERGOLOID MESYLATES,7,,1,UNCHECKED,745268
192794,TEMOCAPRIL HYDROCHLORIDE,73,,1,UNCHECKED,43009010
197950,THROMBOMODULIN ALFA,72,,1,UNCHECKED,35197985
80814,PIROMIDIC ACID,5,,1,UNCHECKED,40799027
30349,TIQUIZIUM BROMIDE,30,,1,UNCHECKED,35198051
256173,SERATRODAST,8,,1,UNCHECKED,35197952
81436,DANTRON,5,,1,UNCHECKED,19086560
46568,MECLOZINE,71,,1,UNCHECKED,994341
49682,KETOBEMIDONE,71,,1,UNCHECKED,40798904
160183,LANDIOLOL HYDROCHLORIDE,30,,1,UNCHECKED,35197852
245317,BUCLOSAMIDE,6,,1,UNCHECKED,40798683
7588,MELPERONE HYDROCHLORIDE,71,,1,UNCHECKED,40684643
94281,TIARAMIDE HYDROCHLORIDE,30,,1,UNCHECKED,35198024
50559,PROPANEDIOL,6,,1,UNCHECKED,43012270
275608,ACETYLDIGOXIN,71,,1,UNCHECKED,19020949
315896,DROTAVERINE,70,,1,UNCHECKED,19056611
298577,BOSWELLIA SERRATA EXTRACT,15,,1,UNCHECKED,40161071
83719,NOREPINEPHRIN,5,,1,UNCHECKED,1321341
233372,DIMEMORFAN PHOSPHATE,70,,1,UNCHECKED,35197951
309744,ISTRADEFYLLINE,30,,1,UNCHECKED,35198194
33755,AMINOBENZOIC ACID,29,,1,UNCHECKED,19018384
194427,ZALTOPROFEN,67,,1,UNCHECKED,43009072
258005,OZAGREL HYDROCHLORIDE,7,,1,UNCHECKED,43009063
157096,DIPIVEFRINE,7,,1,UNCHECKED,990009
282532,NITROFURAL,8,,1,UNCHECKED,920378
31299,EPOETIN THETA,66,,1,UNCHECKED,36878928
352124,LUMIRACOXIB,15,,1,UNCHECKED,36878856
104462,OXOMEMAZINE,66,,1,UNCHECKED,36879152
242054,GLYCYRRHIZIN,66,,1,UNCHECKED,19068419
62505,HERBAL,65,,1,UNCHECKED,36444848
179362,TIMOLOLO,6,,1,UNCHECKED,902427
321155,NIFEKALANT HYDROCHLORIDE,8,,1,UNCHECKED,35198014
181882,CIPROCINONIDE,8,,1,UNCHECKED,44012618
93089,PIPOTIAZINE,29,,1,UNCHECKED,19133992
51454,OXITRIPTAN,64,,1,UNCHECKED,1363516
255944,PROTEOLYTIC ENZYMES,6,,1,UNCHECKED,19031713
102017,AZASETRON HYDROCHLORIDE,64,,1,UNCHECKED,35197941
255219,SUPLATAST TOSILATE,29,,1,UNCHECKED,35198141
208257,SODIUM FEREDETATE,63,,1,UNCHECKED,19001131
160566,SOFALCONE,63,,1,UNCHECKED,35198153
67669,LIPOIC ACID,62,,1,UNCHECKED,36878693
94521,ENOCITABINE,28,,1,UNCHECKED,43008999
354677,TRIGLYCERIDES,61,,1,UNCHECKED,36879001
195982,FLUDEOXYGLUCOSE (18F),28,,1,UNCHECKED,43012202
31917,PROXYMETACAINE,61,,1,UNCHECKED,929504
121530,CEFMINOX SODIUM,28,,1,UNCHECKED,43008993
10112,IMIDAFENACIN,60,,1,UNCHECKED,43009092
217100,METOPROLOLO,28,,1,UNCHECKED,1307046
225335,TROXIPIDE,60,,1,UNCHECKED,43009102
150852,CHOLECALCIFEROLE,5,,1,UNCHECKED,19095164
333109,AMBAZONE,5,,1,UNCHECKED,44157639
93678,HEMOCOAGULASE,14,,1,UNCHECKED,43009090
36324,TIVOZANIB,43,,1,UNCHECKED,40684606
62658,TECELEUKIN,43,,1,UNCHECKED,35198216
98417,ALCLOFENAC,5,,1,UNCHECKED,40798610
340186,DIPHENCYPRONE,5,,1,UNCHECKED,36879137
259480,ALLERGENIC EXTRACTS,43,,1,UNCHECKED,44012481
12349,CEFCAPENE PIVOXIL HYDROCHLORIDE HYDRATE,58,,1,UNCHECKED,43009044
130259,MIFAMURTIDE,43,,1,UNCHECKED,36878942
133868,OXETACAINE,43,,1,UNCHECKED,36879092
1303,ECABET SODIUM,42,,1,UNCHECKED,43008997
187657,TENELIGLIPTIN,42,,1,UNCHECKED,43009070
113790,MINODRONIC ACID HYDRATE,14,,1,UNCHECKED,35197911
129516,FLUDIAZEPAM,58,,1,UNCHECKED,35198139
289729,POLIGLUSAM,7,,1,UNCHECKED,43013527
204133,XANTOFYL,42,,1,UNCHECKED,40799187
224196,PANIPENEM,57,,1,UNCHECKED,35197853
296635,HOMOCYSTEINE THIOLACTONE,7,,1,UNCHECKED,40798877
320347,CARBETOCIN,6,,1,UNCHECKED,36878844
329624,FUDOSTEINE,57,,1,UNCHECKED,35198128
258416,PAZUFLOXACIN MESILATE,42,,1,UNCHECKED,35198003
301725,OZAGREL SODIUM,56,,1,UNCHECKED,43009006
195013,PRONASE,41,,1,UNCHECKED,35198133
170073,IOMEPROL,41,,1,UNCHECKED,36878931
31459,PENTACHLOROPHENOL,14,,1,UNCHECKED,40799048
182499,CEFAPIRIN,5,,1,UNCHECKED,19086790
149509,PITOLISANT,14,,1,UNCHECKED,40799031
183487,CEFTOBIPROLE MEDOCARIL,5,,1,UNCHECKED,44012563
144829,SULODEXIDE,55,,1,UNCHECKED,43009029
263518,SILIBININ,41,,1,UNCHECKED,19024190
259270,RIMONABANT,41,,1,UNCHECKED,36878933
160692,TEBIPENEM PIVOXIL,5,,1,UNCHECKED,35198145
222997,METHYLCOBALAMIN,54,,1,UNCHECKED,19009025
195806,KERATIN,53,,1,UNCHECKED,40798909
112870,ACTARIT,40,,1,UNCHECKED,35197918
181377,BUCLADESINE SODIUM,6,,1,UNCHECKED,35197929
335559,FREEZE-DRIED SULFONATED HUMAN NORMAL IMMUNOGLOBULIN,7,,1,UNCHECKED,35198193
15260,DROTRECOGIN ALFA (ACTIVATED),53,,1,UNCHECKED,1731597
43144,EVOCALCET,7,,1,UNCHECKED,35197887
138981,EVOGLIPTIN,5,,1,UNCHECKED,43009051
17471,AMRUBICIN HYDROCHLORIDE,39,,1,UNCHECKED,35198076
27148,MEXAZOLAM,39,,1,UNCHECKED,43009058
263665,AMMONIUM GLYCYRRHIZATE,14,,1,UNCHECKED,42898316
29136,LEVODROPROPIZINE,38,,1,UNCHECKED,19067412
7315,MITIGLINIDE CALCIUM HYDRATE,38,,1,UNCHECKED,43009094
112846,FLUTAZOLAM,7,,1,UNCHECKED,35197872
105710,NIMUSTINE HYDROCHLORIDE,38,,1,UNCHECKED,35197924
9438,ALLICIN,7,,1,UNCHECKED,40684631
176373,VANIPREVIR,38,,1,UNCHECKED,35198157
208250,PENTOXYVERINE,6,,1,UNCHECKED,1140640
197653,SITAXENTAN,37,,1,UNCHECKED,36878846
302259,ROKITAMYCIN,6,,1,UNCHECKED,35198144
70118,MONTEPLASE,13,,1,UNCHECKED,35198204
60602,MIGRENIN,7,,1,UNCHECKED,35197899
314360,SODIUM PERCHLORATE,48,,1,UNCHECKED,36878853
333361,METHYLMETHIONINE SULFONIUM CHLORIDE,7,,1,UNCHECKED,35198112
300981,SERUM,7,,1,UNCHECKED,40799093
222961,DILAZEP,13,,1,UNCHECKED,40798779
354293,METHYL ALCOHOL,6,,1,UNCHECKED,42899323
29801,CIDEFERRON,7,,1,UNCHECKED,35198090
273295,PRANLUKAST HYDRATE,45,,1,UNCHECKED,43009065
230806,TAKA-DIASTASE,35,,1,UNCHECKED,35198184
244463,STREPTOCOCCUS FAECALIS,35,,1,UNCHECKED,36879181
347050,SETIPTILINE MALEATE,7,,1,UNCHECKED,35198132
170854,ATALUREN,5,,1,UNCHECKED,36879015
32761,DAPOXETINE,7,,1,UNCHECKED,40684608
85630,NADIFLOXACIN,34,,1,UNCHECKED,36878831
184550,ELASTASE,7,,1,UNCHECKED,35198212
229852,PSYLLIUM HUSK,198,,1,APPROVED,19137031
291512,L-GLUTAMINE,198,,1,APPROVED,35197944
32933,EPERISONE HYDROCHLORIDE,197,,1,APPROVED,43009085
72247,BEVANTOLOL HYDROCHLORIDE,6,,1,UNCHECKED,43009042
332964,LEVOSULPIRIDE,188,,1,APPROVED,43009023
82179,CYANOCOBALAMIN,4335,,1,APPROVED,1308738
2140,REBAMIPIDE,4274,,1,APPROVED,43009008
31854,AMINOPHENAZONE,18,,1,UNCHECKED,19125628
118241,MAGNESIUM GLYCEROPHOSPHATE,186,,1,APPROVED,36879003
128466,INSULIN ASPART,2991,,1,APPROVED,35198096
43159,FLUCLOXACILLIN,2958,,1,APPROVED,19054936
150591,SARPOGRELATE HYDROCHLORIDE,181,,1,APPROVED,43009100
192928,RAMOSETRON HYDROCHLORIDE,180,,1,APPROVED,43009099
331857,ERYTHROPOIETIN,1988,,1,APPROVED,43009086
76157,L-ALANINE,6,,1,UNCHECKED,35198116
48765,LEVOMEPROMAZINE,1846,,1,APPROVED,19005147
219424,DOXOFYLLINE,173,,1,APPROVED,43009019
112876,ETIZOLAM,1795,,1,APPROVED,43009000
23439,CAMOSTAT MESILATE,171,,1,APPROVED,43009043
127501,GABEXATE MESILATE,170,,1,APPROVED,43009088
83888,CONJUGATED ESTROGENS,1506,,1,APPROVED,1549080
346830,BLONANSERIN,169,,1,APPROVED,43009080
45982,INDISETRON HYDROCHLORIDE,17,,1,UNCHECKED,35197999
261030,IRSOGLADINE MALEATE,169,,1,APPROVED,43009002
306252,PROTIONAMIDE,168,,1,APPROVED,19135812
317429,VOGLIBOSE,1367,,1,APPROVED,43009032
205801,FLAXSEED OIL,1366,,1,APPROVED,19090767
226987,TEPRENONE,1359,,1,APPROVED,43012210
131846,LIMAPROST,165,,1,APPROVED,43009054
55159,CHERRY BARK EXTRACT,6,,1,UNCHECKED,35197930
180855,BARNIDIPINE,163,,1,APPROVED,19102106
186722,PIRITRAMIDE,162,,1,APPROVED,19134009
207485,IGURATIMOD,161,,1,APPROVED,35198049
13722,ALUM,4,,1,UNCHECKED,19115033
254064,UVA URSI,9,,1,UNCHECKED,1401574
226509,DIACEREIN,159,,1,APPROVED,19088915
84576,CEFOZOPRAN HYDROCHLORIDE,158,,1,APPROVED,35197975
308424,DELAMANID,906,,1,APPROVED,36879076
200664,BIAPENEM,152,,1,APPROVED,35198093
86793,NIMETAZEPAM,17,,1,UNCHECKED,35197946
43349,BETACAROTENE,150,,1,APPROVED,19037223
98051,EPOETIN ZETA,150,,1,APPROVED,36878697
147671,VINFLUNINE,147,,1,APPROVED,36878852
7173,SULGLYCOTIDE,4,,1,UNCHECKED,43009068
330661,EPALRESTAT,146,,1,APPROVED,35197996
14418,MOSAPRAMINE HYDROCHLORIDE,4,,1,UNCHECKED,35198101
84369,BUCOLOME,22,,1,UNCHECKED,35197920
280713,BROMISOVAL,9,,1,UNCHECKED,40798676
337471,INSULIN GLULISINE,664,,1,APPROVED,1544838
41201,7-KETO-DEHYDROEPIANDROSTERONE,5,,1,UNCHECKED,43531885
296582,MAXACALCITOL,143,,1,APPROVED,35198167
324345,BERAPROST SODIUM,604,,1,APPROVED,43009013
213361,MIZORIBINE,575,,1,APPROVED,43009095
64711,POLAPREZINC,563,,1,APPROVED,43009064
19138,ARTEMISININ,17,,1,UNCHECKED,40798641
112627,RUTOSIDE,22,,1,UNCHECKED,19063981
143047,PHYTONADIONE,556,,1,APPROVED,19044727
30,VALPROMIDE,138,,1,APPROVED,36878958
329733,FLUPENTIXOL,552,,1,APPROVED,19055982
36955,ELDECALCITOL,137,,1,APPROVED,35197861
137411,FLUTOPRAZEPAM,17,,1,UNCHECKED,35197972
270110,KALLIDINOGENASE,135,,1,APPROVED,19123342
176851,DIAMORPHINE,480,,1,APPROVED,19022417
209291,TILACTASE,22,,1,UNCHECKED,950183
296586,FOTEMUSTINE,130,,1,APPROVED,36879099
164480,BENIDIPINE HYDROCHLORIDE,467,,1,APPROVED,43009040
355572,BUCILLAMINE,459,,1,APPROVED,43009016
315980,MELPERONE,442,,1,APPROVED,19072088
40607,AROTINOLOL HYDROCHLORIDE,126,,1,APPROVED,43009035
78286,COLESTYRAMINE,431,,1,APPROVED,19095309
218784,LIRANAFTATE,17,,1,UNCHECKED,35197904
242150,GUSPERIMUS HYDROCHLORIDE,22,,1,UNCHECKED,35197998
163218,SOBUZOXANE,17,,1,UNCHECKED,35198195
15001,CILNIDIPINE,408,,1,APPROVED,43009017
162026,CLOSTRIDIUM BUTYRICUM,408,,1,APPROVED,35197867
51837,CLOMETHIAZOLE,122,,1,APPROVED,19092283
271074,PROTAMINE,384,,1,APPROVED,19054245
196962,HERBAL EXTRACT,8,,1,UNCHECKED,40798873
148739,NEDAPLATIN,379,,1,APPROVED,35198201
330434,BENFOTIAMINE,120,,1,APPROVED,19018541
192655,NALFURAFINE HYDROCHLORIDE,21,,1,UNCHECKED,35198152
21851,CARBASALATE CALCIUM,353,,1,APPROVED,40798706
129320,ITOPRIDE HYDROCHLORIDE,117,,1,APPROVED,43009053
278116,OENOTHERA BIENNIS,17,,1,UNCHECKED,19067085
22320,SILICONE OIL,6,,1,UNCHECKED,40799099
75805,DOSULEPIN,329,,1,APPROVED,19037989
172779,KOMBUCHA,4,,1,UNCHECKED,40798905
60325,NAFAMOSTAT MESILATE,113,,1,APPROVED,43009096
206543,L-LEUCINE,4,,1,UNCHECKED,19088571
161253,PLAUNOTOL,16,,1,UNCHECKED,35197954
334057,PHYTOMENADIONE,311,,1,APPROVED,19044727
11896,FERROUS TARTRATE,6,,1,UNCHECKED,44012596
197382,LOPRAZOLAM,110,,1,APPROVED,19042550
10674,TRICHLOROETHYLENE,5,,1,UNCHECKED,40799157
277422,RED YEAST,110,,1,APPROVED,44507650
79438,LAFUTIDINE,300,,1,APPROVED,43009003
201100,CEFPIRAMIDE SODIUM,16,,1,UNCHECKED,43009045
178785,TRIMETAZIDINE DIHYDROCHLORIDE,108,,1,APPROVED,40684649
327054,BILASTINE,290,,1,APPROVED,44012547
102245,ARACHIS OIL,6,,1,UNCHECKED,19033278
166529,ALBUMIN TANNATE,289,,1,APPROVED,35198220
120917,PILSICAINIDE HYDROCHLORIDE,107,,1,APPROVED,43009025
22082,SILYBUM MARIANUM EXTRACT,21,,1,UNCHECKED,1304277
72311,NICAMETATE,8,,1,UNCHECKED,40798979
12770,FAROPENEM SODIUM HYDRATE,6,,1,UNCHECKED,35198107
160202,FALECALCITRIOL,16,,1,UNCHECKED,35197846
34558,TOPIROXOSTAT,6,,1,UNCHECKED,35197879
102262,CARPERITIDE,105,,1,APPROVED,35198110
162205,DOXIFLURIDINE,105,,1,APPROVED,43008996
23653,RUPATADINE,105,,1,APPROVED,36879144
355485,AZELNIDIPINE,265,,1,APPROVED,35198057
277760,ULINASTATIN,104,,1,APPROVED,43009071
14975,AGOMELATINE,262,,1,APPROVED,36878783
315282,NAFTOPIDIL,257,,1,APPROVED,43009059
209062,MIRIPLATIN HYDRATE,4,,1,UNCHECKED,35198030
142651,GENERAL NUTRIENTS,102,,1,APPROVED,40798859
37535,COAGULATION FACTOR VIII,21,,1,UNCHECKED,1352213
115787,METILDIGOXIN,240,,1,APPROVED,19094483
214055,NICERITROL,8,,1,UNCHECKED,35197917
82972,TIMIPERONE,21,,1,UNCHECKED,35198059
93898,DENOPAMINE,21,,1,UNCHECKED,35198098
198471,CEPHARANTHINE,97,,1,APPROVED,35198176
217615,DOCARPAMINE,8,,1,UNCHECKED,35197859
11391,RANIMUSTINE,221,,1,APPROVED,35197850
84454,AMPIROXICAM,8,,1,UNCHECKED,35198066
220380,FLUMETASONE,8,,1,UNCHECKED,19055156
113440,ELCATONIN,94,,1,APPROVED,43009084
282066,LOMERIZINE HYDROCHLORIDE,8,,1,UNCHECKED,35197935
491,ILAPRAZOLE,16,,1,UNCHECKED,43009052
155945,PEROSPIRONE HYDROCHLORIDE HYDRATE,20,,1,UNCHECKED,35197858
32696,EPOETIN KAPPA,6,,1,UNCHECKED,35198097
9150,TRANSFER FACTOR,27,,1,UNCHECKED,40799163
148771,FUSAFUNGINE,13,,1,UNCHECKED,19097405
23136,KAVA,27,,1,UNCHECKED,1307026
298215,CETRAXATE HYDROCHLORIDE,27,,1,UNCHECKED,35198082
315526,CEFMENOXIME,13,,1,UNCHECKED,40798704
127656,OENOTHERA BIENNIS OIL,10,,1,UNCHECKED,19045290
226177,GARENOXACIN MESILATE HYDRATE,12,,1,UNCHECKED,35197938
292078,OPICAPONE,13,,1,UNCHECKED,40799013
139561,RILMAZAFONE HYDROCHLORIDE HYDRATE,20,,1,UNCHECKED,35197915
82905,BIPHENYL DIMETHYL DICARBOXYLATE,9,,1,UNCHECKED,43008992
259569,PROSULTIAMINE,10,,1,UNCHECKED,35198147
246947,OCTOTIAMINE,12,,1,UNCHECKED,40798996
33458,NIFURTOINOL,4,,1,UNCHECKED,40798981
270398,COCARBOXYLASE,12,,1,UNCHECKED,40798760
97778,ISOSULFAN BLUE,9,,1,UNCHECKED,19003412
184670,L-METHIONINE,11,,1,UNCHECKED,19004724
226994,AMINOMETHYLBENZOIC ACID,26,,1,UNCHECKED,19012200
148825,OXAZOLAM,26,,1,UNCHECKED,40799014
51436,MENADIONE,19,,1,UNCHECKED,19001579
8936,RAMATROBAN,4,,1,UNCHECKED,35198002
43295,PROTOPORPHYRIN DISODIUM,10,,1,UNCHECKED,35197932
194574,SIVELESTAT SODIUM HYDRATE,11,,1,UNCHECKED,43009027
62401,DIXYRAZINE,19,,1,UNCHECKED,40798772
113153,CEFTOBIPROLE,9,,1,UNCHECKED,36878858
330900,BUFORMIN,11,,1,UNCHECKED,40798673
186427,ALACEPRIL,25,,1,UNCHECKED,43009074
328052,ANAGLIPTIN,12,,1,UNCHECKED,43008991
39029,CAPRYLIC ACID,19,,1,UNCHECKED,19025825
5093,HACHIMIGAN,9,,1,UNCHECKED,35198109
3224,NETICONAZOLE HYDROCHLORIDE,10,,1,UNCHECKED,35198013
20985,CERNITIN POLLEN EXTRACT,9,,1,UNCHECKED,35198018
73554,L-ARGININE HYDROCHLORIDE,12,,1,UNCHECKED,35198208
39915,HALOXAZOLAM,9,,1,UNCHECKED,35198171
211450,TRAFERMIN,19,,1,UNCHECKED,35197901
212395,EFONIDIPINE,11,,1,UNCHECKED,43008998
188919,COLESTIPOLE,4,,1,UNCHECKED,1501617
265592,UBENIMEX,25,,1,UNCHECKED,43009031
282064,CEFAZEDONE,11,,1,UNCHECKED,40798700
127060,MIRIMOSTIM,9,,1,UNCHECKED,35198091
239314,SULPROSTONE,19,,1,UNCHECKED,36878620
72986,METACYCLINE,10,,1,UNCHECKED,19003644
14824,CEFROXADINE,9,,1,UNCHECKED,43009083
349125,BENZYLHYDROCHLOROTHIAZIDE,10,,1,UNCHECKED,35197874
351553,TRIPAMIDE,10,,1,UNCHECKED,35198183
75248,NEMONAPRIDE,10,,1,UNCHECKED,35197970
180301,PRULIFLOXACIN,19,,1,UNCHECKED,35197897
104171,CINNAMALDEHYDE,12,,1,UNCHECKED,43014055
53420,STARFLOWER OIL,24,,1,UNCHECKED,19005918
137651,ALLYLISOPROPYLACETYLUREA,9,,1,UNCHECKED,35197991
54931,GEFARNATE,24,,1,UNCHECKED,35198120
193928,COLESTILAN,18,,1,UNCHECKED,36878774
116560,CEFTERAM PIVOXIL,12,,1,UNCHECKED,35198137
312814,PROTIRELIN,9,,1,UNCHECKED,19001701
291243,EPIRIZOLE,12,,1,UNCHECKED,35197997
106235,BENZOIN,24,,1,UNCHECKED,19011438
132051,CATUMAXOMAB,12,,1,UNCHECKED,36879077
135378,BIFIDOBACTERIUM ANIMALIS SUBSP. LACTIS,18,,1,UNCHECKED,45776867
57764,HUMAN HAPTOGLOBIN,9,,1,UNCHECKED,35198163
3967,LEVOMEPROMAZINE ,6,,0.9953560233,UNCHECKED,19005147
140109,PHENOXYMETHYLPENICILLINE,14,,0.9951558709,UNCHECKED,1729720
98349,BENZYLPENICILLIN ,10,,0.9950994849,UNCHECKED,1728416
144731,L-LYSINE ,10,,0.9941629171,UNCHECKED,19092377
31910,BUTYLSCOPOLAMIN,18,,0.9940325022,UNCHECKED,40234201
1933,CYPROHEPTADIN,76,,0.9938081503,UNCHECKED,1110727
137419,CYANOCOBALAMINE,370,,0.9934431911,UNCHECKED,1308738
211801,ERYTHROPOIETINE,19,,0.9934208393,UNCHECKED,43009086
127323,SUCCINYLCHOLIN,5,,0.9933724403,UNCHECKED,836208
324758,TRIFLUOPERAZIN,9,,0.9930483103,UNCHECKED,704984
281974,BENZTROPIN,15,,0.9926034808,UNCHECKED,719174
74946,FLUCLOXACILLIN ,16,,0.9925900102,UNCHECKED,19054936
178704,BENFOTIAMIN,14,,0.9923991561,UNCHECKED,19018541
195783,VINPOCETIN,5,,0.9923194051,UNCHECKED,19095462
305616,METHYLCOBALAMINE,6,,0.9922561646,UNCHECKED,19009025
262836,LEVOMEPROMAZIN,104,,0.9922532439,UNCHECKED,19005147
87776,HYDROXYZIN,10,,0.9921810031,UNCHECKED,777221
297552,GUAIFENESINE,9,,0.9921594262,UNCHECKED,1163944
151597,PHENAZOPYRIDIN,5,,0.9919042587,UNCHECKED,933724
317201,FURSULTIAMINE,84,,0.9918111563,UNCHECKED,19112519
73652,FEXOFENADIN,9,,0.9917587042,UNCHECKED,1153428
313650,BROMOCRIPTIN,30,,0.9915021062,UNCHECKED,730548
241690,SULFASALAZIN,222,,0.9913997054,UNCHECKED,964339
30503,FLUCLOXACILLINE,34,,0.9911850691,UNCHECKED,19054936
98641,L-CARNITIN,10,,0.9910641313,UNCHECKED,1553610
76274,CHLOROQUIN,9,,0.9907495975,UNCHECKED,1792515
110973,RIFAXIMINE,34,,0.990683496,UNCHECKED,1735947
318831,CHLORPROMAZIN,19,,0.9906646609,UNCHECKED,794852
129970,BENZBROMARON,44,,0.9906380177,UNCHECKED,19016754
345155,LEVOCARNITIN,24,,0.9905857444,UNCHECKED,1553610
248379,FERROUS GLUCONATER,6,,0.9905763268,UNCHECKED,1396012
225304,GEMCITABIN,24,,0.9905365705,UNCHECKED,1314924
294274,THIOGUANIN,5,,0.9904795289,UNCHECKED,1437379
228049,DESMOPRESSINE,13,,0.9904411435,UNCHECKED,1517070
193320,FLUNARIZIN,4,,0.9904351234,UNCHECKED,19055183
80329,CHLORZOXAZON,9,,0.9904175401,UNCHECKED,795113
111429,METAMIZOLE ,19,,0.9902832508,UNCHECKED,19031397
269573,L-LYSIN,11,,0.9902354479,UNCHECKED,19092377
24496,MEBEVERIN,4,,0.9901997447,UNCHECKED,19008994
100379,PHENPROCOUMONE,5,,0.9901834726,UNCHECKED,19035344
296164,COLESTYRAMIN,54,,0.9900029302,UNCHECKED,19095309
19164,TELITHROMYCINE,4,,0.9898117781,UNCHECKED,1702911
145653,MECOBALAMINE,24,,0.9897136092,UNCHECKED,19009025
317061,GLYCERYL TRINITRAT,10,,0.9896678329,UNCHECKED,1361711
96380,VINORELBIN,19,,0.9896346331,UNCHECKED,1343346
90526,PILOCARPIN,22,,0.9895409346,UNCHECKED,945286
275073,CLINDAMYCINE,9,,0.9895354509,UNCHECKED,997881
257059,FLUVASTATINE,14,,0.98939538,UNCHECKED,1549686
19660,MEPIVACAIN,6,,0.9893859029,UNCHECKED,702774
145864,TROXERUTINE,10,,0.9892045856,UNCHECKED,19043154
94499,BENDROFLUMETHIAZID,32,,0.9891585708,UNCHECKED,1316354
94330,TIANEPTIN,8,,0.9891180396,UNCHECKED,19041910
84848,MEDROXYPROGESTERON,38,,0.9890412688,UNCHECKED,1500211
105993,DIGITOXINE,16,,0.9888978004,UNCHECKED,19026180
258803,TETRACYCLIN,28,,0.9887784719,UNCHECKED,1836948
320412,OXYTOCINE,9,,0.9885300994,UNCHECKED,1326115
305504,NEOMYCINE,5,,0.9884713292,UNCHECKED,915981
165524,BEMIPARINE,6,,0.9884649515,UNCHECKED,19069137
142324,MINOCYCLIN,36,,0.9882710576,UNCHECKED,1708880
237289,ALIMEMAZIN,6,,0.9882392287,UNCHECKED,19005570
163445,DALTEPARINE,11,,0.9881308079,UNCHECKED,1301065
322395,PERPHENAZIN,6,,0.9880738258,UNCHECKED,733008
248712,MIDODRIN,18,,0.9879511595,UNCHECKED,1308368
185997,AGOMELATIN,60,,0.9877557158,UNCHECKED,36878783
70472,OXETACAIN,6,,0.9874233603,UNCHECKED,36879092
149805,VILDAGLIPTINA,14,,0.9873638749,UNCHECKED,19122137
68133,AUROTHIOMALAT,5,,0.9873216748,UNCHECKED,1152134
71708,DICYCLOMIN,5,,0.9872539043,UNCHECKED,924724
78706,ERDOSTEIN,13,,0.9871233702,UNCHECKED,19058933
175500,BISOXATINE,6,,0.9871041775,UNCHECKED,36256131
13632,PROMETHAZIN,48,,0.9869623184,UNCHECKED,1153013
350720,HYDRALAZIN,13,,0.9868510365,UNCHECKED,1373928
353396,DORZOLAMID,5,,0.9867581725,UNCHECKED,981709
187324,KETOBEMIDON,11,,0.9867304564,UNCHECKED,40798904
168993,CALCIUM CARBONAT,6,,0.9865620136,UNCHECKED,19035704
301202,PHOLCODIN,5,,0.9864826202,UNCHECKED,19024213
196861,DOSULEPIN ,4,,0.9864639044,UNCHECKED,19037989
29856,CEPHARANTHIN,50,,0.9860665798,UNCHECKED,35198176
225650,FAMOTIDIN,134,,0.9859284163,UNCHECKED,953076
248321,PIOGLITAZON,25,,0.9858634472,UNCHECKED,1525215
63629,UBIQUINON,13,,0.9857401252,UNCHECKED,1306837
268585,TRIMECAIN,5,,0.9853355289,UNCHECKED,40799161
146372,ANTILYMPHOCYTE IMMUNOGLOBULINS,28,,0.9852861762,UNCHECKED,19136041
354771,BECLOMETHASON,8,,0.9852676988,UNCHECKED,1115572
213346,DIACEREINE,12,,0.9852653742,UNCHECKED,19088915
183489,CYCLOPENTOLAT,5,,0.9851734042,UNCHECKED,910232
338774,AMPICILLINE,18,,0.985167861,UNCHECKED,1717327
121310,SOLIFENACINE,38,,0.9851005673,UNCHECKED,916005
286695,GLIPIZID,35,,0.9848644137,UNCHECKED,1560171
337658,PHYTOMENADION,24,,0.984759748,UNCHECKED,19044727
109224,CASPOFUNGINA,6,,0.9846710563,UNCHECKED,1718054
258668,PENICILLAMIN,5,,0.9845660925,UNCHECKED,19028050
227920,FLAXSEED OIL ,8,,0.9844667315,UNCHECKED,19090767
9543,LOXAPIN,6,,0.9844111204,UNCHECKED,792263
238735,LEVOMETHADON,7,,0.9843338728,UNCHECKED,19056706
321125,CALCIUM CITRAT,7,,0.9842734933,UNCHECKED,19058572
344676,AZELASTIN,27,,0.984226048,UNCHECKED,934075
280403,CALCITONINE,15,,0.9841753244,UNCHECKED,42900359
70277,TRIAMCINOLON,493,,0.9841226935,UNCHECKED,903963
29573,TERAZOSINE,29,,0.9839608073,UNCHECKED,1341238
191086,PANCREATINE,8,,0.9832856655,UNCHECKED,926487
68205,FLUOROMETHOLON,16,,0.9832589626,UNCHECKED,955583
233816,SULFAMETHIZOL,6,,0.9829602838,UNCHECKED,1036425
15693,NABUMETON,31,,0.9825774431,UNCHECKED,1113648
249395,PIPAMPERON,392,,0.9825040698,UNCHECKED,19093225
97851,LACIDIPIN,5,,0.9824852943,UNCHECKED,19004539
227934,GLICLAZID,25,,0.9824639559,UNCHECKED,19059796
247109,PHENIRAMIN,30,,0.9824377894,UNCHECKED,933952
20635,BENZONATAT,4,,0.9821748137,UNCHECKED,1136601
75628,CIMETIDIN,22,,0.9820622206,UNCHECKED,997276
266460,ALIZAPRID,8,,0.9818822145,UNCHECKED,19030087
4932,ISOSORBID,68,,0.9815129638,UNCHECKED,1383815
99643,NITROFURANTOINA,5,,0.9815107584,UNCHECKED,920293
23221,NOSCAPIN,5,,0.9813326001,UNCHECKED,19021930
32052,PANTETHIN,5,,0.9812411666,UNCHECKED,19019317
111487,CARNITIN,6,,0.981167376,UNCHECKED,19050104
209591,AMPHETAMIN,5,,0.9810377955,UNCHECKED,714785
242550,CONJUGATED ESTROGEN,268,,0.9810091257,UNCHECKED,1549080
311489,CHLORTHALIDON,62,,0.9809443355,UNCHECKED,1395058
14671,CYPROTERON,23,,0.9808741808,UNCHECKED,19010792
271627,LECITHINE,11,,0.980789423,UNCHECKED,19042345
106538,MENINGOCOCCAL VACCINE,49,,0.9807251096,UNCHECKED,19016540
266524,MITOXANTRON,12,,0.9805954695,UNCHECKED,1309188
255010,SULFACETAMID,16,,0.9805577993,UNCHECKED,1036252
342331,NYSTATINE,126,,0.9804059863,UNCHECKED,922570
219967,ETHYLPHENIDATE,69,,0.9803380966,UNCHECKED,705944
172016,PENTOXIFYLLI,11,,0.9801600575,UNCHECKED,1331247
155518,IMMUNOGLOBULIN ,31,,0.9799000025,UNCHECKED,43531966
218781,IMMUNOGLOBULIN ,9,,0.9799000025,UNCHECKED,43531966
54901,MELPERON,488,,0.9796143174,UNCHECKED,19072088
229845,NORETHINDRON,6,,0.9794636369,UNCHECKED,1521369
288421,OLIVIN,7,,0.9792104959,UNCHECKED,43014154
73915,CITICOLIN,7,,0.9791132212,UNCHECKED,40223464
190109,AMLODIPIN ,5,,0.978453517,UNCHECKED,1332418
218216,NADROPARINA,9,,0.9784483314,UNCHECKED,19001014
221964,ETHYL ALCOHOL,134,,0.9783592224,UNCHECKED,42899323
98886,TRIMETHOPRIN,15,,0.9782491326,UNCHECKED,1705674
186902,CEFOTAXIM,71,,0.9780809879,UNCHECKED,1774470
166972,TRIAMCINOLON ,6,,0.97805053,UNCHECKED,903963
64154,PARATHYROID HORMONES,6,,0.9779834151,UNCHECKED,43532113
33146,DUTASTERID,7,,0.9779644012,UNCHECKED,989482
299272,CHLORTALIDON,8,,0.977964282,UNCHECKED,1395058
349921,PENTAMIDIN,27,,0.9778310657,UNCHECKED,1730370
341433,FLUVASTATINA,7,,0.9777032733,UNCHECKED,1549686
216793,SOLIFENACINA,6,,0.9774755239,UNCHECKED,916005
146135,DIPYRON,7,,0.9774402976,UNCHECKED,19031397
330187,GABAPENTI,5,,0.9767262936,UNCHECKED,797399
219412,ALLOPURINOLE,14,,0.9766448736,UNCHECKED,1167322
97318,POVIDON,11,,0.9765762091,UNCHECKED,950056
13623,ATORVASTATING,4,,0.9764180779,UNCHECKED,1545958
65432,ISOTRETINOINA,10,,0.9763584733,UNCHECKED,984232
122758,DOXAZOSINA,22,,0.976044476,UNCHECKED,1363053
115455,POLYMYXIN,165,,0.9760023355,UNCHECKED,948582
192988,TILIDIN,1031,,0.97599262,UNCHECKED,19002431
288977,ARGININ,9,,0.9752640128,UNCHECKED,19006410
330008,RILUZOL,9,,0.9750027061,UNCHECKED,735951
313179,HISTAMIN,7,,0.9749944806,UNCHECKED,19069019
333607,HYDROXOCOBALAM,6,,0.9747532606,UNCHECKED,1377023
70299,CYANOCOBALAM,90,,0.9745633006,UNCHECKED,1308738
209576,BUMETANID,6,,0.9744561911,UNCHECKED,932745
342760,LANOCONAZOLE,27,,0.9743589163,UNCHECKED,43009004
297451,PIRITRAMID,14,,0.9741930962,UNCHECKED,19134009
350159,BIOTINE,67,,0.9741070271,UNCHECKED,19024770
181565,IRON POLYSACCHARIDES,6,,0.9739271402,UNCHECKED,1377898
216472,TRIBAVIRIN,12,,0.9738698602,UNCHECKED,1762711
25834,TORASEMIDE ,11,,0.9738680124,UNCHECKED,942350
47747,GOREISAN ,5,,0.9738188386,UNCHECKED,35198150
85691,TOKISHIGYAKUKAGOSHUYUSHOKYOTO,7,,0.9737625122,UNCHECKED,35198115
312675,DINOPROSTON,6,,0.9737424254,UNCHECKED,1329415
325377,HEPARINE,49,,0.9736865163,UNCHECKED,1367571
61045,PROPOXYPHEN,17,,0.9736624956,UNCHECKED,1153664
21431,BEZAFIBRATO,7,,0.9733444452,UNCHECKED,19022956
304283,GLUTATHION,6,,0.9727779627,UNCHECKED,19061083
120376,GLUTAMIN,8,,0.9725410342,UNCHECKED,19060985
193611,TIAPRID,23,,0.9723329544,UNCHECKED,19008012
27069,PIPERACILLINA,5,,0.9723221064,UNCHECKED,1746114
89945,PIRETANID,12,,0.9722915292,UNCHECKED,19025498
65645,CALCIPOTRIEN,57,,0.9719868302,UNCHECKED,908921
230770,PROCAIN,8,,0.9719049335,UNCHECKED,751698
73703,PROTAMIN,10,,0.9718577862,UNCHECKED,19054245
299236,DACARBAZINA,5,,0.9717065692,UNCHECKED,1311409
93188,GEMCITABINA,14,,0.9707900882,UNCHECKED,1314924
257791,UBIQUINONES,5,,0.9703125358,UNCHECKED,1306837
187927,DEOXYRIBONUCLEASE,5,,0.9700393081,UNCHECKED,915841
161202,POLYETHYLENE,228,,0.9699903131,UNCHECKED,19135778
333830,SIMVASTATION,14,,0.9697576761,UNCHECKED,1539403
133825,SIMVASTAT,18,,0.9697409272,UNCHECKED,1539403
313205,YOKUKANSANKACHIMPIHANGE,11,,0.9695359468,UNCHECKED,35197919
232543,TIBOLON,16,,0.9694943428,UNCHECKED,19041933
76032,METHADON,68,,0.9692775011,UNCHECKED,1103640
36820,WHEY PROTEIN,85,,0.9691064954,UNCHECKED,35606401
313499,EOSINE,11,,0.9690631628,UNCHECKED,42899052
62040,LUTEINE,57,,0.9688377976,UNCHECKED,1310353
242722,HEROINE,18,,0.9688182473,UNCHECKED,19022417
159777,OPIPRAMOLE,7,,0.968241632,UNCHECKED,19129635
245758,CEFCAPENE PIVOXIL HYDROCHLORIDE,274,,0.9679137468,UNCHECKED,43009044
119502,HALOPERIDOLE,11,,0.9677864313,UNCHECKED,766529
91539,TROPICAMID,6,,0.9677729011,UNCHECKED,906072
339186,RILMAZAFONE HYDROCHLORIDE,110,,0.9677560329,UNCHECKED,35197915
17464,BISOPROLOLE,8,,0.9676661491,UNCHECKED,1338005
103043,APREPITAN,6,,0.9671473503,UNCHECKED,936748
180970,DIOSMINA,5,,0.9671363235,UNCHECKED,19029488
278207,IMMUNOGLOBULINE,14,,0.966889441,UNCHECKED,43531966
257191,CARBOHYDRATES,15,,0.9668424726,UNCHECKED,44012568
172224,TIZANIDINA,7,,0.9666388035,UNCHECKED,778474
103077,TERAZOSINA,10,,0.9665778875,UNCHECKED,1341238
207027,SULFAMETHOXAZOLE W,78,,0.966288507,UNCHECKED,1836430
135545,AMILORID,61,,0.9662368894,UNCHECKED,991382
289796,REDNISONE,9,,0.9657828808,UNCHECKED,1551099
321184,SOY PROTEIN,13,,0.9652281404,UNCHECKED,19100396
213956,PANCREATINA,6,,0.9652094841,UNCHECKED,926487
91976,PILSICAINIDE HYDROCHLORIDE HYDRATE,15,,0.9651964903,UNCHECKED,43009025
111722,SENNOSIDE ,36,,0.9650943875,UNCHECKED,19115055
212365,SENNOSIDE ,9,,0.9650943875,UNCHECKED,19115055
1076,NIMODIPINA,5,,0.9645944238,UNCHECKED,1319133
108539,MENADION,5,,0.9643421769,UNCHECKED,19001579
110496,SODIUM PHOSPHATES,172,,0.964264214,UNCHECKED,939871
42580,SOTALOLO,15,,0.9641290307,UNCHECKED,1370109
66356,LEVOCETIRIZI,17,,0.9641107321,UNCHECKED,1136422
22813,TORVASTATIN,9,,0.9638829231,UNCHECKED,1545958
258913,TETRACYCLINES,8,,0.9632029533,UNCHECKED,1836948
191794,MIDODRINA,6,,0.9629830122,UNCHECKED,1308368
83886,DANAZOLE,5,,0.9627979398,UNCHECKED,1511449
316253,TOMOXETINE,5,,0.9627866745,UNCHECKED,742185
356915,NEBIVOLOLUM,9,,0.962734282,UNCHECKED,1314577
52022,ASPIRI,6,,0.9624879956,UNCHECKED,1112807
119274,BETA CAROTEN,17,,0.9624197483,UNCHECKED,19037223
164194,ATORVASTATION,12,,0.9622901678,UNCHECKED,1545958
180684,TENOLOL,24,,0.9622378349,UNCHECKED,1314002
19720,TRETINOINA,7,,0.9622255564,UNCHECKED,903643
77321,CEFTOBIPROLE MEDOCARIL SODIUM,6,,0.9620922804,UNCHECKED,36879134
144875,LOSARTA,5,,0.9620682597,UNCHECKED,1367500
154462,MENINGOCOCCAL VACCINES,13,,0.9620347619,UNCHECKED,19016540
247945,NITROGLYCER,41,,0.9620203972,UNCHECKED,1361711
182016,LEVETIRACETA,133,,0.9619638324,UNCHECKED,711584
86918,NEVIRAPINA,6,,0.9619023204,UNCHECKED,1769389
253005,L TRYPTOPHAN,8,,0.9615139961,UNCHECKED,19006186
330013,TERBUTALINA,6,,0.9613262415,UNCHECKED,1236744
3263,AMINOSALICYLATES,4,,0.9613069892,UNCHECKED,19010337
163820,AMLODIPINE B,33,,0.9611051679,UNCHECKED,1332418
217055,GLUCOSAMINA,18,,0.9605969787,UNCHECKED,1360332
254216,ERGOCALCIFEROLUM,6,,0.9605789185,UNCHECKED,19045045
116132,METOPROLOLE,10,,0.9603138566,UNCHECKED,1307046
69241,CLOMIPRAMINA,8,,0.9599827528,UNCHECKED,798834
233080,LEUCOVOR,44,,0.9598047137,UNCHECKED,1388796
130806,FILGRASTIMA,14,,0.9597552419,UNCHECKED,1304850
62681,LACTOBACILLU,5,,0.9597026706,UNCHECKED,987128
27167,MELATONINA,30,,0.9592638612,UNCHECKED,1301152
271406,SELEGILINA,8,,0.9588465691,UNCHECKED,766209
306994,BIGUANIDES,38,,0.9587755203,UNCHECKED,1593986
62900,PAROXETINA,56,,0.958656013,UNCHECKED,722031
106172,DIDANOSINA,5,,0.9581367373,UNCHECKED,1724869
77625,SAIKOKARYUKOTSUBOREITO,13,,0.9580777287,UNCHECKED,35198172
102771,LERCANIDIPINO,5,,0.9579049945,UNCHECKED,19015802
141275,RIFAMYCIN,43,,0.9578638077,UNCHECKED,19136008
53381,ESTROGENIC SUBSTANCE,494,,0.9577447772,UNCHECKED,1598493
72583,PANTHENOLE,10,,0.9575142264,UNCHECKED,40231459
265005,FAMOTIDINA,24,,0.9569253325,UNCHECKED,953076
79453,CYPROHEPTAD,55,,0.9568758607,UNCHECKED,1110727
197045,KEISHIKARYUKOTSUBOREITO,6,,0.9568697214,UNCHECKED,35197882
344433,DISODIUM PHOSPHATE,10,,0.9562096,UNCHECKED,939871
229754,PRAVASTATION,8,,0.9557893872,UNCHECKED,1551860
253892,SILICONE,10,,0.9556023479,UNCHECKED,19066891
54923,GRAPESEED OIL,11,,0.955575943,UNCHECKED,42898547
313983,PRAVASTAT,7,,0.9555556178,UNCHECKED,1551860
108228,IMIPENEME,6,,0.9553890824,UNCHECKED,1778262
221465,TYROSINT,6,,0.9553150535,UNCHECKED,19006692
206710,CHOLECALCIFEROLUM,4,,0.9548436403,UNCHECKED,19095164
160772,SPIRULINE,7,,0.954357326,UNCHECKED,1360890
261108,URSODEOXYCHOL,18,,0.9542258382,UNCHECKED,988095
220594,METAMIZOL ,22,,0.9540091157,UNCHECKED,19031397
200796,PROPAFENONA,9,,0.9540047646,UNCHECKED,1353256
148275,KETOPROFENO,6,,0.9539625049,UNCHECKED,1185922
7866,AMLODIPINO,39,,0.9535611272,UNCHECKED,1332418
16501,LISINOPRILL,7,,0.9535152912,UNCHECKED,1308216
313325,DIPHENHYDRAM,51,,0.953091085,UNCHECKED,1129625
295635,KEISHIBUKURYOGAN,37,,0.9523010254,UNCHECKED,35198170
330516,IMIPRAMINA,11,,0.9520811439,UNCHECKED,778268
129064,GOSHAJINKIGAN,369,,0.9518301487,UNCHECKED,35198094
107350,MANIDIPINA,8,,0.9517155886,UNCHECKED,19071995
185427,SULFAMETHOXAZOLUM,9,,0.9506860971,UNCHECKED,1836430
8768,MAKYOYOKUKANTO,4,,0.9504064322,UNCHECKED,35198055
100672,BACLOFENO,12,,0.9501419663,UNCHECKED,715233
241531,CARBOXYMETHYLCELLULOSE NA,5,,0.9500159025,UNCHECKED,949279
148709,ASTRAGALUS PROPINQUUS ROOT,7,,0.9493860006,UNCHECKED,42898661
282442,GABAPENT,5,,0.9492063522,UNCHECKED,797399
254394,MEPRAZOLE,16,,0.9489633441,UNCHECKED,923645
97755,CYCLOBENZAPRIL,8,,0.9484984279,UNCHECKED,778711
277352,OLPRINONE HYDROCHLORIDE,11,,0.9484964013,UNCHECKED,35197888
48236,ERGOCALCIFER,20,,0.9481351376,UNCHECKED,19045045
177593,PEROSPIRONE HYDROCHLORIDE,58,,0.9474809766,UNCHECKED,35197858
139984,SENNOSIDE,3024,,0.9474242926,UNCHECKED,19115055
27315,LACIDIPINA,5,,0.9467142224,UNCHECKED,19004539
253377,CARVEDILOLUM,18,,0.9466631413,UNCHECKED,1346823
218458,SALBUTEROL,22,,0.9466584921,UNCHECKED,1154343
135958,OMEPRAZOL ,6,,0.9464393258,UNCHECKED,923645
17550,OMEPRAZOL ,6,,0.9464393258,UNCHECKED,923645
265842,ACETYLCYSTEIN AL,12,,0.9463815689,UNCHECKED,1139042
68346,BIPERIDENO,10,,0.9462029934,UNCHECKED,724908
321640,EASTERN COTTONWOOD POLLEN,7,,0.9459986687,UNCHECKED,40161793
30368,ALLOPURINOLUM,47,,0.945766151,UNCHECKED,1167322
227345,MERCAPTOPUR,29,,0.9457321763,UNCHECKED,1436650
55474,PENICILLIN B,9,,0.9454400539,UNCHECKED,19126544
16481,COENZYME R,5,,0.9451669455,UNCHECKED,42903827
199671,KEISHIKAJUTSUBUTO,8,,0.9451263547,UNCHECKED,35197967
36065,NALAPRIL,6,,0.9451085329,UNCHECKED,1341927
27088,NITRENDIPINO,16,,0.9446113706,UNCHECKED,19020061
132066,HACHIMIJIOGAN,35,,0.9445707202,UNCHECKED,35198185
134763,NITROFURANT,9,,0.9443734884,UNCHECKED,920378
4107,PARAFFINS,6,,0.9439613223,UNCHECKED,19129738
237892,DESVENLAFAX,29,,0.9438807964,UNCHECKED,717607
178568,TOKAKUJOKITO,9,,0.9437459707,UNCHECKED,35197962
344260,ALGINATES,26,,0.9437394142,UNCHECKED,43013872
131003,SAMARIUM 153 LEXIDRONAM,6,,0.9437348247,UNCHECKED,19018483
76780,RETUXIMAB,6,,0.9437260032,UNCHECKED,1315411
74048,PROPOXYPHENE N,11,,0.9435767531,UNCHECKED,1153664
350694,CARBOMERE,8,,0.9434324503,UNCHECKED,19055217
44748,HYDROXYETHYLCELLULOSE,11,,0.9433594346,UNCHECKED,35605762
195129,MORPHINA,9,,0.9430716038,UNCHECKED,1110410
299165,SEISHINRENSHIIN,5,,0.9429658651,UNCHECKED,35198084
293910,FILGRASTIN,13,,0.9428641796,UNCHECKED,1304850
131965,NITROGLYCERIDE,9,,0.9428361654,UNCHECKED,1361711
311112,PHENAZOPYRID,48,,0.9425304532,UNCHECKED,933724
150597,CYANOCOBALAMIN INJ,15,,0.9423635006,UNCHECKED,1308738
232820,BENLAFAXINE,8,,0.9423453808,UNCHECKED,743670
223868,CITALOPRA,6,,0.9419512749,UNCHECKED,797617
184281,CALCIUM CITRATE D,21,,0.9419160485,UNCHECKED,19058572
122733,FLUOCINONIDE F,11,,0.941876173,UNCHECKED,955252
248944,COBALAMIN,93,,0.9417966008,UNCHECKED,19052638
58662,INTERLEUKIN-1,6,,0.9416978359,UNCHECKED,42900473
351311,LUNG SURFACTANTS,12,,0.9416797757,UNCHECKED,43009056
73199,GLIBENCLAMIDE TABLET,11,,0.9413193464,UNCHECKED,1559684
256770,ISOSORBIDE D,5,,0.9412004948,UNCHECKED,1383815
153592,CHORIONIC GONADOTR,5,,0.9411028028,UNCHECKED,1563600
85168,METHOTREXAT ,7,,0.9410442114,UNCHECKED,1305058
15211,CLEMASTINA,19,,0.9410409331,UNCHECKED,1197677
157060,NALOXONA,5,,0.9400603175,UNCHECKED,1114220
83442,FLUCONAZOLO,19,,0.9400224686,UNCHECKED,1754994
